id_cc,fecha,ins_total_dia
1,2024-10-01,45298
1,2024-10-02,47954
1,2024-10-03,47703
1,2024-10-04,40997
1,2024-10-05,52749
1,2024-10-06,40228
1,2024-10-07,46252
1,2024-10-08,45593
1,2024-10-09,48134
1,2024-10-10,47652
1,2024-10-11,50455
1,2024-10-12,49487
1,2024-10-13,39156
1,2024-10-14,30819
1,2024-10-15,44382
1,2024-10-16,43729
1,2024-10-17,36471
1,2024-10-18,45360
1,2024-10-19,56596
1,2024-10-20,48703
1,2024-10-21,39209
1,2024-10-22,40003
1,2024-10-23,41003
1,2024-10-24,41997
1,2024-10-25,48999
1,2024-10-26,56301
1,2024-10-27,45897
1,2024-10-28,33911
1,2024-10-29,35149
1,2024-10-30,47863
1,2024-10-31,72783
1,2024-11-01,53739
1,2024-11-02,46949
1,2024-11-03,45406
1,2024-11-04,47266
1,2024-11-05,34067
1,2024-11-06,34800
1,2024-11-07,37369
1,2024-11-08,45864
1,2024-11-09,54878
1,2024-11-10,46371
1,2024-11-11,39305
1,2024-11-12,39788
1,2024-11-13,40149
1,2024-11-14,40187
1,2024-11-15,45095
1,2024-11-16,53064
1,2024-11-17,47495
1,2024-11-18,37426
1,2024-11-19,49516
1,2024-11-20,40546
1,2024-11-21,38382
1,2024-11-22,45566
1,2024-11-23,54239
1,2024-11-24,49558
1,2024-11-25,36794
1,2024-11-26,39056
1,2024-11-27,41740
1,2024-11-28,45601
1,2024-11-29,64124
1,2024-11-30,65951
1,2024-12-01,58352
1,2024-12-02,38696
1,2024-12-03,40079
1,2024-12-04,38858
1,2024-12-05,43789
1,2024-12-06,51658
1,2024-12-07,57334
1,2024-12-08,51422
1,2024-12-09,38280
1,2024-12-10,50088
1,2024-12-11,50534
1,2024-12-12,44380
1,2024-12-13,51857
1,2024-12-14,62764
1,2024-12-15,58726
1,2024-12-16,42371
1,2024-12-17,49212
1,2024-12-18,54048
1,2024-12-19,57308
1,2024-12-20,60805
1,2024-12-21,66623
1,2024-12-22,66978
1,2024-12-23,81973
1,2024-12-24,70906
1,2024-12-25,63228
1,2024-12-26,68643
1,2024-12-27,64514
1,2024-12-28,72531
1,2024-12-29,64064
1,2024-12-30,67332
1,2024-12-31,43924
1,2025-01-01,13413
1,2025-01-02,53853
1,2025-01-03,52596
1,2025-01-04,51118
1,2025-01-05,47181
1,2025-01-06,41423
1,2025-01-07,39234
1,2025-01-08,40101
1,2025-01-09,37918
1,2025-01-10,47618
1,2025-01-11,60181
1,2025-01-12,47927
1,2025-01-13,33941
1,2025-01-14,35408
1,2025-01-15,36024
1,2025-01-16,36398
1,2025-01-17,46126
1,2025-01-18,53974
1,2025-01-19,44043
1,2025-01-20,33213
1,2025-01-21,34806
1,2025-01-22,35872
1,2025-01-23,36754
1,2025-01-24,44175
1,2025-01-25,51411
1,2025-01-26,42265
1,2025-01-27,31334
1,2025-01-28,33912
1,2025-01-29,34518
1,2025-01-30,35652
1,2025-01-31,44637
1,2025-02-01,52577
1,2025-02-02,46081
1,2025-02-03,33818
1,2025-02-04,36285
1,2025-02-05,36821
1,2025-02-06,41717
1,2025-02-07,43081
1,2025-02-08,53296
1,2025-02-09,41979
1,2025-02-10,32191
1,2025-02-11,33747
1,2025-02-12,37400
1,2025-02-13,43464
1,2025-02-14,57158
1,2025-02-15,53197
1,2025-02-16,45690
1,2025-02-17,31746
1,2025-02-18,33720
1,2025-02-19,41791
1,2025-02-20,36853
1,2025-02-21,43893
1,2025-02-22,50573
1,2025-02-23,42899
1,2025-02-24,32057
1,2025-02-25,32932
1,2025-02-26,34707
1,2025-02-27,36562
1,2025-02-28,44230
1,2025-03-01,49574
1,2025-03-02,41800
1,2025-03-03,46309
1,2025-03-04,44694
1,2025-03-05,34034
1,2025-03-06,36042
1,2025-03-07,44522
1,2025-03-08,56152
1,2025-03-09,46729
1,2025-03-10,35033
1,2025-03-11,35143
1,2025-03-12,35887
1,2025-03-13,36415
1,2025-03-14,43968
1,2025-03-15,54150
1,2025-03-16,47049
1,2025-03-17,34652
1,2025-03-18,37411
1,2025-03-19,38381
1,2025-03-20,39268
1,2025-03-21,46985
1,2025-03-22,57948
1,2025-03-23,46742
1,2025-03-24,33932
1,2025-03-25,35555
1,2025-03-26,35904
1,2025-03-27,36931
1,2025-03-28,45679
1,2025-03-29,56570
1,2025-03-30,47350
1,2025-03-31,35033
1,2025-04-01,36645
1,2025-04-02,37044
1,2025-04-03,38151
1,2025-04-04,47275
1,2025-04-05,59998
1,2025-04-06,46042
1,2025-04-07,34506
1,2025-04-08,35515
1,2025-04-09,37453
1,2025-04-10,39224
1,2025-04-11,47957
1,2025-04-12,58077
1,2025-04-13,42897
1,2025-04-14,36169
1,2025-04-15,39265
1,2025-04-16,41258
1,2025-04-17,52074
1,2025-04-18,47849
1,2025-04-19,51154
1,2025-04-20,41955
1,2025-04-21,33589
1,2025-04-22,35931
1,2025-04-23,39227
1,2025-04-24,39224
1,2025-04-25,47957
1,2025-04-26,58286
1,2025-04-27,47495
1,2025-04-28,32080
1,2025-04-29,36677
1,2025-04-30,38426
1,2025-05-01,42791
1,2025-05-02,59184
1,2025-05-03,65925
1,2025-05-04,44978
1,2025-05-05,33809
1,2025-05-06,35834
1,2025-05-07,37060
1,2025-05-08,43752
1,2025-05-09,54692
1,2025-05-10,69882
1,2025-05-11,48111
1,2025-05-12,34486
1,2025-05-13,35331
1,2025-05-14,35486
1,2025-05-15,39958
1,2025-05-16,55251
1,2025-05-17,62345
1,2025-05-18,44522
1,2025-05-19,34206
1,2025-05-20,35329
1,2025-05-21,33401
1,2025-05-22,41785
1,2025-05-23,58056
1,2025-05-24,65123
1,2025-05-25,46075
1,2025-05-26,35582
1,2025-05-27,35222
1,2025-05-28,34987
1,2025-05-29,38080
1,2025-05-30,46836
1,2025-05-31,55383
1,2025-06-01,57274
1,2025-06-02,36065
1,2025-06-03,36438
1,2025-06-04,35754
1,2025-06-05,37005
1,2025-06-06,42457
1,2025-06-07,57564
1,2025-06-08,49385
1,2025-06-09,34159
1,2025-06-10,34906
1,2025-06-11,36750
1,2025-06-12,38476
1,2025-06-13,46904
1,2025-06-14,60513
1,2025-06-15,46920
1,2025-06-16,34833
1,2025-06-17,36646
1,2025-06-18,37816
1,2025-06-19,38638
1,2025-06-20,46353
1,2025-06-21,53249
1,2025-06-22,43781
1,2025-06-23,35064
1,2025-06-24,37847
1,2025-06-25,38252
1,2025-06-26,43625
1,2025-06-27,49423
1,2025-06-28,56968
1,2025-06-29,45426
1,2025-06-30,36848
1,2025-07-01,39404
1,2025-07-02,40049
1,2025-07-03,45620
1,2025-07-04,50243
1,2025-07-05,58292
1,2025-07-06,45528
1,2025-07-07,38202
1,2025-07-08,40488
1,2025-07-09,39896
1,2025-07-10,54368
1,2025-07-11,49117
1,2025-07-12,53606
1,2025-07-13,41666
1,2025-07-14,37740
1,2025-07-15,42859
1,2025-07-16,39389
1,2025-07-17,42391
1,2025-07-18,48592
1,2025-07-19,51994
1,2025-07-20,47028
1,2025-07-21,37409
1,2025-07-22,38115
1,2025-07-23,40684
1,2025-07-24,42756
1,2025-07-25,50865
1,2025-07-26,54568
1,2025-07-27,49510
1,2025-07-28,39286
1,2025-07-29,38724
1,2025-07-30,41943
1,2025-07-31,44985
1,2025-08-01,49366
1,2025-08-02,55309
1,2025-08-03,47802
1,2025-08-04,39750
1,2025-08-05,41055
1,2025-08-06,43147
1,2025-08-07,44392
1,2025-08-08,46892
1,2025-08-09,48236
1,2025-08-10,46889
1,2025-08-11,42203
1,2025-08-12,39201
1,2025-08-13,40822
1,2025-08-14,43317
1,2025-08-15,47339
1,2025-08-16,52366
1,2025-08-17,44686
1,2025-08-18,39509
1,2025-08-19,42368
1,2025-08-20,44297
1,2025-08-21,44112
1,2025-08-22,53840
1,2025-08-23,57830
1,2025-08-24,54623
1,2025-08-25,38548
1,2025-08-26,38139
1,2025-08-27,38474
1,2025-08-28,41318
1,2025-08-29,48436
1,2025-08-30,54134
1,2025-08-31,45308
1,2025-09-01,38871
1,2025-09-02,37423
1,2025-09-03,39192
1,2025-09-04,38468
1,2025-09-05,44708
1,2025-09-06,54377
1,2025-09-07,43990
1,2025-09-08,36208
1,2025-09-09,34860
1,2025-09-10,36924
1,2025-09-11,39016
1,2025-09-12,44564
1,2025-09-13,54284
1,2025-09-14,45059
1,2025-09-15,33276
1,2025-09-16,34367
1,2025-09-17,38825
1,2025-09-18,38887
1,2025-09-19,44479
1,2025-09-20,53164
1,2025-09-21,41752
1,2025-09-22,31548
1,2025-09-23,34173
1,2025-09-24,36017
1,2025-09-25,36189
1,2025-09-26,46806
1,2025-09-27,55982
1,2025-09-28,43538
1,2025-09-29,31740
1,2025-09-30,37179
2,2024-10-01,21054
2,2024-10-02,22346
2,2024-10-03,21976
2,2024-10-04,23877
2,2024-10-05,30235
2,2024-10-06,27565
2,2024-10-07,24382
2,2024-10-08,27656
2,2024-10-09,25019
2,2024-10-10,34002
2,2024-10-11,39940
2,2024-10-12,38824
2,2024-10-13,33508
2,2024-10-14,22606
2,2024-10-15,27696
2,2024-10-16,22993
2,2024-10-17,21419
2,2024-10-18,27235
2,2024-10-19,31950
2,2024-10-20,28562
2,2024-10-21,21673
2,2024-10-22,22347
2,2024-10-23,24261
2,2024-10-24,24468
2,2024-10-25,28320
2,2024-10-26,35850
2,2024-10-27,31311
2,2024-10-28,22744
2,2024-10-29,20967
2,2024-10-30,23625
2,2024-10-31,34698
2,2024-11-01,32828
2,2024-11-02,32168
2,2024-11-03,30783
2,2024-11-04,33268
2,2024-11-05,24420
2,2024-11-06,25527
2,2024-11-07,28690
2,2024-11-08,29940
2,2024-11-09,35944
2,2024-11-10,33340
2,2024-11-11,26967
2,2024-11-12,26361
2,2024-11-13,24634
2,2024-11-14,31532
2,2024-11-15,33031
2,2024-11-16,36327
2,2024-11-17,32801
2,2024-11-18,29751
2,2024-11-19,22177
2,2024-11-20,23895
2,2024-11-21,27702
2,2024-11-22,29539
2,2024-11-23,39024
2,2024-11-24,32804
2,2024-11-25,30101
2,2024-11-26,26001
2,2024-11-27,25607
2,2024-11-28,24892
2,2024-11-29,40412
2,2024-11-30,46771
2,2024-12-01,40981
2,2024-12-02,27163
2,2024-12-03,28164
2,2024-12-04,27783
2,2024-12-05,31971
2,2024-12-06,37723
2,2024-12-07,35306
2,2024-12-08,33268
2,2024-12-09,30083
2,2024-12-10,28873
2,2024-12-11,25300
2,2024-12-12,28878
2,2024-12-13,34488
2,2024-12-14,45573
2,2024-12-15,43764
2,2024-12-16,35261
2,2024-12-17,36167
2,2024-12-18,37886
2,2024-12-19,40886
2,2024-12-20,46510
2,2024-12-21,52741
2,2024-12-22,49307
2,2024-12-23,52473
2,2024-12-24,46753
2,2024-12-25,45417
2,2024-12-26,42534
2,2024-12-27,42831
2,2024-12-28,43842
2,2024-12-29,41346
2,2024-12-30,44412
2,2024-12-31,29246
2,2025-01-01,18052
2,2025-01-02,43736
2,2025-01-03,44876
2,2025-01-04,44389
2,2025-01-05,42639
2,2025-01-06,38741
2,2025-01-07,29011
2,2025-01-08,28930
2,2025-01-09,27099
2,2025-01-10,33288
2,2025-01-11,43580
2,2025-01-12,38373
2,2025-01-13,26705
2,2025-01-14,26356
2,2025-01-15,27354
2,2025-01-16,25592
2,2025-01-17,31612
2,2025-01-18,40363
2,2025-01-19,36367
2,2025-01-20,28361
2,2025-01-21,26652
2,2025-01-22,25369
2,2025-01-23,26396
2,2025-01-24,30925
2,2025-01-25,38437
2,2025-01-26,35796
2,2025-01-27,25276
2,2025-01-28,24266
2,2025-01-29,24491
2,2025-01-30,25120
2,2025-01-31,33055
2,2025-02-01,39864
2,2025-02-02,36607
2,2025-02-03,27883
2,2025-02-04,26441
2,2025-02-05,27667
2,2025-02-06,27025
2,2025-02-07,31707
2,2025-02-08,40445
2,2025-02-09,32778
2,2025-02-10,27205
2,2025-02-11,24222
2,2025-02-12,26639
2,2025-02-13,28826
2,2025-02-14,39928
2,2025-02-15,38899
2,2025-02-16,35850
2,2025-02-17,26488
2,2025-02-18,24792
2,2025-02-19,26108
2,2025-02-20,29103
2,2025-02-21,43684
2,2025-02-22,37776
2,2025-02-23,36962
2,2025-02-24,27268
2,2025-02-25,25194
2,2025-02-26,27159
2,2025-02-27,27426
2,2025-02-28,36012
2,2025-03-01,40772
2,2025-03-02,36701
2,2025-03-03,35197
2,2025-03-04,35454
2,2025-03-05,30009
2,2025-03-06,27767
2,2025-03-07,35476
2,2025-03-08,45293
2,2025-03-09,38498
2,2025-03-10,29886
2,2025-03-11,26037
2,2025-03-12,28012
2,2025-03-13,26167
2,2025-03-14,33613
2,2025-03-15,43193
2,2025-03-16,38265
2,2025-03-17,28390
2,2025-03-18,26048
2,2025-03-19,27967
2,2025-03-20,29760
2,2025-03-21,34620
2,2025-03-22,42443
2,2025-03-23,39009
2,2025-03-24,25986
2,2025-03-25,25926
2,2025-03-26,26215
2,2025-03-27,31290
2,2025-03-28,36242
2,2025-03-29,44522
2,2025-03-30,40989
2,2025-03-31,30065
2,2025-04-01,28404
2,2025-04-02,28180
2,2025-04-03,28747
2,2025-04-04,34271
2,2025-04-05,44800
2,2025-04-06,40603
2,2025-04-07,26049
2,2025-04-08,25302
2,2025-04-09,25458
2,2025-04-10,26834
2,2025-04-11,34464
2,2025-04-12,44694
2,2025-04-13,34009
2,2025-04-14,27748
2,2025-04-15,28056
2,2025-04-16,31321
2,2025-04-17,38993
2,2025-04-18,34212
2,2025-04-19,40395
2,2025-04-20,37816
2,2025-04-21,28069
2,2025-04-22,26063
2,2025-04-23,26420
2,2025-04-24,26834
2,2025-04-25,34464
2,2025-04-26,38152
2,2025-04-27,37739
2,2025-04-28,24813
2,2025-04-29,25019
2,2025-04-30,26919
2,2025-05-01,33321
2,2025-05-02,43340
2,2025-05-03,44119
2,2025-05-04,40646
2,2025-05-05,30005
2,2025-05-06,25879
2,2025-05-07,26891
2,2025-05-08,28001
2,2025-05-09,35351
2,2025-05-10,47688
2,2025-05-11,43727
2,2025-05-12,25775
2,2025-05-13,24557
2,2025-05-14,24966
2,2025-05-15,26676
2,2025-05-16,31473
2,2025-05-17,41528
2,2025-05-18,39595
2,2025-05-19,26869
2,2025-05-20,27468
2,2025-05-21,26526
2,2025-05-22,31938
2,2025-05-23,43225
2,2025-05-24,43179
2,2025-05-25,38244
2,2025-05-26,26003
2,2025-05-27,24927
2,2025-05-28,27659
2,2025-05-29,27330
2,2025-05-30,35500
2,2025-05-31,44962
2,2025-06-01,57832
2,2025-06-02,30654
2,2025-06-03,27240
2,2025-06-04,26758
2,2025-06-05,27035
2,2025-06-06,32818
2,2025-06-07,41560
2,2025-06-08,38309
2,2025-06-09,26984
2,2025-06-10,25188
2,2025-06-11,25765
2,2025-06-12,26213
2,2025-06-13,34925
2,2025-06-14,43003
2,2025-06-15,40569
2,2025-06-16,27132
2,2025-06-17,25432
2,2025-06-18,26661
2,2025-06-19,27538
2,2025-06-20,33086
2,2025-06-21,38395
2,2025-06-22,34975
2,2025-06-23,27002
2,2025-06-24,26905
2,2025-06-25,28065
2,2025-06-26,27983
2,2025-06-27,34269
2,2025-06-28,37935
2,2025-06-29,36026
2,2025-06-30,31111
2,2025-07-01,32068
2,2025-07-02,32690
2,2025-07-03,29034
2,2025-07-04,36103
2,2025-07-05,40600
2,2025-07-06,37780
2,2025-07-07,31815
2,2025-07-08,28960
2,2025-07-09,28845
2,2025-07-10,30576
2,2025-07-11,33407
2,2025-07-12,39484
2,2025-07-13,36793
2,2025-07-14,30955
2,2025-07-15,30351
2,2025-07-16,30645
2,2025-07-17,29865
2,2025-07-18,34645
2,2025-07-19,38968
2,2025-07-20,37341
2,2025-07-21,32597
2,2025-07-22,30227
2,2025-07-23,31148
2,2025-07-24,29824
2,2025-07-25,34793
2,2025-07-26,38817
2,2025-07-27,36211
2,2025-07-28,29572
2,2025-07-29,28548
2,2025-07-30,29793
2,2025-07-31,31580
2,2025-08-01,38466
2,2025-08-02,39996
2,2025-08-03,36768
2,2025-08-04,33066
2,2025-08-05,33015
2,2025-08-06,32198
2,2025-08-07,33147
2,2025-08-08,37192
2,2025-08-09,41885
2,2025-08-10,38588
2,2025-08-11,34632
2,2025-08-12,34494
2,2025-08-13,33691
2,2025-08-14,34630
2,2025-08-15,38982
2,2025-08-16,41691
2,2025-08-17,38672
2,2025-08-18,34570
2,2025-08-19,34499
2,2025-08-20,33804
2,2025-08-21,34959
2,2025-08-22,39209
2,2025-08-23,41880
2,2025-08-24,38570
2,2025-08-25,33566
2,2025-08-26,32789
2,2025-08-27,31740
2,2025-08-28,32194
2,2025-08-29,37404
2,2025-08-30,41457
2,2025-08-31,41194
2,2025-09-01,33800
2,2025-09-02,28848
2,2025-09-03,29340
2,2025-09-04,28163
2,2025-09-05,34261
2,2025-09-06,42138
2,2025-09-07,39030
2,2025-09-08,28172
2,2025-09-09,25626
2,2025-09-10,26625
2,2025-09-11,27075
2,2025-09-12,32130
2,2025-09-13,41730
2,2025-09-14,38538
2,2025-09-15,26896
2,2025-09-16,25399
2,2025-09-17,25771
2,2025-09-18,24515
2,2025-09-19,30280
2,2025-09-20,41899
2,2025-09-21,36709
2,2025-09-22,27876
2,2025-09-23,25526
2,2025-09-24,26460
2,2025-09-25,28001
2,2025-09-26,37206
2,2025-09-27,41502
2,2025-09-28,38106
2,2025-09-29,25149
2,2025-09-30,27122
3,2024-10-01,12090
3,2024-10-02,11482
3,2024-10-03,11421
3,2024-10-04,12096
3,2024-10-05,13179
3,2024-10-06,13378
3,2024-10-07,10480
3,2024-10-08,12092
3,2024-10-09,11303
3,2024-10-10,11125
3,2024-10-11,14890
3,2024-10-12,13215
3,2024-10-13,13501
3,2024-10-14,10330
3,2024-10-15,9746
3,2024-10-16,11187
3,2024-10-17,11159
3,2024-10-18,12662
3,2024-10-19,13186
3,2024-10-20,13431
3,2024-10-21,11006
3,2024-10-22,12891
3,2024-10-23,11351
3,2024-10-24,11216
3,2024-10-25,13290
3,2024-10-26,13245
3,2024-10-27,13570
3,2024-10-28,10651
3,2024-10-29,13195
3,2024-10-30,11500
3,2024-10-31,13051
3,2024-11-01,13501
3,2024-11-02,13243
3,2024-11-03,13566
3,2024-11-04,10682
3,2024-11-05,13319
3,2024-11-06,11455
3,2024-11-07,12005
3,2024-11-08,13712
3,2024-11-09,13244
3,2024-11-10,13567
3,2024-11-11,10728
3,2024-11-12,13017
3,2024-11-13,11693
3,2024-11-14,11596
3,2024-11-15,13468
3,2024-11-16,14816
3,2024-11-17,13782
3,2024-11-18,10774
3,2024-11-19,13114
3,2024-11-20,11511
3,2024-11-21,11707
3,2024-11-22,13492
3,2024-11-23,16754
3,2024-11-24,13804
3,2024-11-25,11109
3,2024-11-26,13463
3,2024-11-27,11606
3,2024-11-28,11934
3,2024-11-29,18763
3,2024-11-30,19542
3,2024-12-01,15571
3,2024-12-02,11479
3,2024-12-03,14478
3,2024-12-04,13568
3,2024-12-05,12526
3,2024-12-06,13530
3,2024-12-07,15782
3,2024-12-08,12672
3,2024-12-09,12246
3,2024-12-10,13376
3,2024-12-11,11658
3,2024-12-12,11974
3,2024-12-13,13850
3,2024-12-14,18207
3,2024-12-15,16355
3,2024-12-16,12329
3,2024-12-17,15074
3,2024-12-18,14750
3,2024-12-19,14148
3,2024-12-20,14106
3,2024-12-21,15722
3,2024-12-22,15816
3,2024-12-23,15145
3,2024-12-24,11997
3,2024-12-25,6242
3,2024-12-26,9974
3,2024-12-27,9626
3,2024-12-28,11169
3,2024-12-29,10303
3,2024-12-30,11130
3,2024-12-31,8255
3,2025-01-01,1151
3,2025-01-02,10251
3,2025-01-03,9079
3,2025-01-04,10766
3,2025-01-05,10628
3,2025-01-06,11375
3,2025-01-07,11952
3,2025-01-08,11317
3,2025-01-09,10566
3,2025-01-10,10684
3,2025-01-11,12153
3,2025-01-12,10133
3,2025-01-13,10540
3,2025-01-14,10840
3,2025-01-15,9974
3,2025-01-16,10591
3,2025-01-17,10747
3,2025-01-18,12232
3,2025-01-19,10287
3,2025-01-20,10431
3,2025-01-21,11248
3,2025-01-22,10054
3,2025-01-23,10731
3,2025-01-24,10790
3,2025-01-25,11816
3,2025-01-26,10720
3,2025-01-27,10351
3,2025-01-28,10271
3,2025-01-29,9749
3,2025-01-30,10032
3,2025-01-31,11084
3,2025-02-01,12584
3,2025-02-02,10940
3,2025-02-03,10309
3,2025-02-04,9932
3,2025-02-05,10581
3,2025-02-06,9685
3,2025-02-07,10244
3,2025-02-08,12118
3,2025-02-09,9876
3,2025-02-10,9399
3,2025-02-11,9452
3,2025-02-12,9657
3,2025-02-13,10968
3,2025-02-14,11776
3,2025-02-15,11823
3,2025-02-16,10786
3,2025-02-17,9717
3,2025-02-18,9793
3,2025-02-19,9850
3,2025-02-20,10361
3,2025-02-21,10864
3,2025-02-22,11423
3,2025-02-23,10382
3,2025-02-24,9673
3,2025-02-25,10179
3,2025-02-26,10066
3,2025-02-27,10101
3,2025-02-28,10864
3,2025-03-01,10729
3,2025-03-02,9050
3,2025-03-03,8907
3,2025-03-04,10722
3,2025-03-05,9948
3,2025-03-06,10133
3,2025-03-07,10487
3,2025-03-08,12436
3,2025-03-09,10100
3,2025-03-10,10097
3,2025-03-11,10107
3,2025-03-12,10194
3,2025-03-13,10112
3,2025-03-14,10404
3,2025-03-15,12316
3,2025-03-16,11284
3,2025-03-17,10158
3,2025-03-18,10488
3,2025-03-19,10825
3,2025-03-20,10589
3,2025-03-21,11230
3,2025-03-22,12415
3,2025-03-23,11218
3,2025-03-24,11828
3,2025-03-25,12176
3,2025-03-26,11136
3,2025-03-27,11185
3,2025-03-28,11121
3,2025-03-29,12862
3,2025-03-30,11424
3,2025-03-31,11071
3,2025-04-01,11401
3,2025-04-02,11075
3,2025-04-03,11547
3,2025-04-04,11931
3,2025-04-05,13367
3,2025-04-06,11397
3,2025-04-07,11174
3,2025-04-08,11488
3,2025-04-09,11190
3,2025-04-10,10615
3,2025-04-11,11501
3,2025-04-12,12680
3,2025-04-13,10242
3,2025-04-14,11169
3,2025-04-15,12053
3,2025-04-16,11852
3,2025-04-17,11605
3,2025-04-18,10692
3,2025-04-19,10810
3,2025-04-20,10275
3,2025-04-21,11517
3,2025-04-22,11037
3,2025-04-23,11724
3,2025-04-24,10615
3,2025-04-25,11501
3,2025-04-26,12736
3,2025-04-27,11902
3,2025-04-28,10529
3,2025-04-29,12162
3,2025-04-30,11982
3,2025-05-01,13006
3,2025-05-02,12985
3,2025-05-03,12629
3,2025-05-04,11717
3,2025-05-05,12309
3,2025-05-06,12348
3,2025-05-07,12095
3,2025-05-08,12095
3,2025-05-09,12838
3,2025-05-10,13153
3,2025-05-11,10962
3,2025-05-12,11215
3,2025-05-13,11908
3,2025-05-14,11203
3,2025-05-15,12089
3,2025-05-16,11825
3,2025-05-17,13011
3,2025-05-18,11967
3,2025-05-19,11312
3,2025-05-20,12134
3,2025-05-21,11408
3,2025-05-22,11592
3,2025-05-23,11946
3,2025-05-24,11898
3,2025-05-25,10410
3,2025-05-26,11456
3,2025-05-27,11184
3,2025-05-28,12309
3,2025-05-29,11637
3,2025-05-30,12106
3,2025-05-31,12565
3,2025-06-01,14320
3,2025-06-02,11721
3,2025-06-03,11750
3,2025-06-04,12024
3,2025-06-05,11425
3,2025-06-06,12062
3,2025-06-07,12632
3,2025-06-08,11882
3,2025-06-09,11602
3,2025-06-10,11762
3,2025-06-11,12323
3,2025-06-12,11054
3,2025-06-13,11767
3,2025-06-14,12713
3,2025-06-15,10021
3,2025-06-16,10672
3,2025-06-17,12563
3,2025-06-18,11775
3,2025-06-19,11785
3,2025-06-20,11613
3,2025-06-21,12262
3,2025-06-22,10305
3,2025-06-23,10963
3,2025-06-24,11446
3,2025-06-25,11360
3,2025-06-26,11513
3,2025-06-27,11113
3,2025-06-28,11816
3,2025-06-29,10143
3,2025-06-30,10976
3,2025-07-01,11728
3,2025-07-02,11280
3,2025-07-03,11917
3,2025-07-04,11787
3,2025-07-05,12377
3,2025-07-06,10533
3,2025-07-07,11718
3,2025-07-08,11608
3,2025-07-09,11173
3,2025-07-10,11642
3,2025-07-11,11190
3,2025-07-12,11248
3,2025-07-13,9697
3,2025-07-14,10869
3,2025-07-15,10986
3,2025-07-16,10126
3,2025-07-17,11127
3,2025-07-18,10970
3,2025-07-19,11415
3,2025-07-20,10070
3,2025-07-21,10742
3,2025-07-22,10773
3,2025-07-23,10441
3,2025-07-24,10762
3,2025-07-25,10858
3,2025-07-26,10535
3,2025-07-27,9985
3,2025-07-28,10935
3,2025-07-29,10750
3,2025-07-30,10711
3,2025-07-31,11039
3,2025-08-01,11936
3,2025-08-02,12340
3,2025-08-03,10774
3,2025-08-04,11149
3,2025-08-05,11377
3,2025-08-06,11052
3,2025-08-07,11492
3,2025-08-08,10489
3,2025-08-09,10680
3,2025-08-10,9011
3,2025-08-11,11586
3,2025-08-12,10302
3,2025-08-13,10062
3,2025-08-14,11274
3,2025-08-15,11114
3,2025-08-16,11889
3,2025-08-17,11130
3,2025-08-18,10379
3,2025-08-19,11164
3,2025-08-20,10698
3,2025-08-21,11404
3,2025-08-22,11170
3,2025-08-23,12970
3,2025-08-24,10758
3,2025-08-25,10965
3,2025-08-26,11177
3,2025-08-27,10504
3,2025-08-28,10131
3,2025-08-29,11485
3,2025-08-30,12981
3,2025-08-31,12053
3,2025-09-01,11405
3,2025-09-02,11455
3,2025-09-03,10690
3,2025-09-04,10122
3,2025-09-05,10813
3,2025-09-06,12991
3,2025-09-07,11014
3,2025-09-08,11294
3,2025-09-09,9577
3,2025-09-10,10067
3,2025-09-11,10054
3,2025-09-12,10305
3,2025-09-13,11761
3,2025-09-14,10804
3,2025-09-15,10216
3,2025-09-16,10378
3,2025-09-17,10190
3,2025-09-18,10409
3,2025-09-19,10681
3,2025-09-20,12559
3,2025-09-21,11657
3,2025-09-22,11219
3,2025-09-23,12267
3,2025-09-24,11250
3,2025-09-25,10967
3,2025-09-26,11492
3,2025-09-27,11718
3,2025-09-28,11034
3,2025-09-29,10572
3,2025-09-30,11768
4,2024-10-01,16681
4,2024-10-02,17957
4,2024-10-03,18092
4,2024-10-04,23929
4,2024-10-05,24330
4,2024-10-06,17165
4,2024-10-07,15532
4,2024-10-08,16842
4,2024-10-09,16990
4,2024-10-10,19060
4,2024-10-11,19541
4,2024-10-12,26909
4,2024-10-13,20249
4,2024-10-14,13539
4,2024-10-15,18414
4,2024-10-16,17819
4,2024-10-17,20618
4,2024-10-18,22337
4,2024-10-19,28867
4,2024-10-20,16348
4,2024-10-21,17032
4,2024-10-22,16334
4,2024-10-23,19312
4,2024-10-24,20056
4,2024-10-25,23472
4,2024-10-26,18998
4,2024-10-27,19872
4,2024-10-28,20511
4,2024-10-29,19262
4,2024-10-30,18023
4,2024-10-31,20808
4,2024-11-01,23715
4,2024-11-02,31343
4,2024-11-03,24663
4,2024-11-04,18170
4,2024-11-05,20057
4,2024-11-06,23538
4,2024-11-07,24219
4,2024-11-08,31120
4,2024-11-09,35193
4,2024-11-10,30558
4,2024-11-11,22947
4,2024-11-12,23454
4,2024-11-13,23453
4,2024-11-14,27877
4,2024-11-15,31313
4,2024-11-16,38585
4,2024-11-17,33092
4,2024-11-18,23581
4,2024-11-19,24546
4,2024-11-20,24666
4,2024-11-21,25708
4,2024-11-22,31926
4,2024-11-23,42750
4,2024-11-24,36917
4,2024-11-25,24356
4,2024-11-26,24782
4,2024-11-27,27669
4,2024-11-28,32846
4,2024-11-29,48296
4,2024-11-30,54116
4,2024-12-01,43452
4,2024-12-02,28355
4,2024-12-03,29317
4,2024-12-04,28750
4,2024-12-05,30731
4,2024-12-06,37214
4,2024-12-07,46245
4,2024-12-08,41148
4,2024-12-09,28801
4,2024-12-10,29750
4,2024-12-11,30839
4,2024-12-12,33138
4,2024-12-13,34868
4,2024-12-14,52698
4,2024-12-15,47861
4,2024-12-16,36267
4,2024-12-17,35508
4,2024-12-18,40057
4,2024-12-19,42093
4,2024-12-20,44270
4,2024-12-21,54077
4,2024-12-22,51841
4,2024-12-23,52169
4,2024-12-24,40861
4,2024-12-25,35842
4,2024-12-26,34430
4,2024-12-27,38260
4,2024-12-28,46002
4,2024-12-29,41140
4,2024-12-30,45017
4,2024-12-31,25256
4,2025-01-01,4866
4,2025-01-02,22518
4,2025-01-03,22737
4,2025-01-04,22659
4,2025-01-05,20520
4,2025-01-06,18978
4,2025-01-07,16645
4,2025-01-08,15836
4,2025-01-09,18763
4,2025-01-10,21106
4,2025-01-11,25499
4,2025-01-12,21316
4,2025-01-13,17030
4,2025-01-14,17526
4,2025-01-15,18571
4,2025-01-16,19225
4,2025-01-17,20086
4,2025-01-18,25853
4,2025-01-19,20460
4,2025-01-20,17747
4,2025-01-21,17093
4,2025-01-22,17690
4,2025-01-23,17691
4,2025-01-24,20210
4,2025-01-25,24456
4,2025-01-26,19222
4,2025-01-27,17087
4,2025-01-28,17221
4,2025-01-29,17263
4,2025-01-30,18921
4,2025-01-31,23224
4,2025-02-01,26209
4,2025-02-02,24293
4,2025-02-03,17613
4,2025-02-04,18229
4,2025-02-05,18229
4,2025-02-06,17715
4,2025-02-07,22090
4,2025-02-08,25012
4,2025-02-09,21575
4,2025-02-10,17377
4,2025-02-11,18244
4,2025-02-12,19710
4,2025-02-13,23696
4,2025-02-14,29725
4,2025-02-15,26999
4,2025-02-16,22369
4,2025-02-17,18808
4,2025-02-18,19733
4,2025-02-19,18679
4,2025-02-20,20164
4,2025-02-21,22158
4,2025-02-22,24400
4,2025-02-23,19935
4,2025-02-24,17233
4,2025-02-25,18181
4,2025-02-26,18067
4,2025-02-27,20404
4,2025-02-28,22536
4,2025-03-01,23502
4,2025-03-02,17678
4,2025-03-03,17587
4,2025-03-04,18670
4,2025-03-05,17716
4,2025-03-06,20858
4,2025-03-07,21606
4,2025-03-08,26634
4,2025-03-09,19773
4,2025-03-10,18481
4,2025-03-11,18328
4,2025-03-12,18003
4,2025-03-13,19618
4,2025-03-14,23899
4,2025-03-15,26928
4,2025-03-16,21613
4,2025-03-17,19186
4,2025-03-18,19803
4,2025-03-19,20891
4,2025-03-20,21831
4,2025-03-21,21751
4,2025-03-22,26106
4,2025-03-23,23068
4,2025-03-24,19010
4,2025-03-25,19038
4,2025-03-26,19223
4,2025-03-27,21112
4,2025-03-28,22586
4,2025-03-29,26341
4,2025-03-30,22005
4,2025-03-31,18939
4,2025-04-01,19248
4,2025-04-02,19258
4,2025-04-03,21422
4,2025-04-04,22380
4,2025-04-05,26955
4,2025-04-06,22566
4,2025-04-07,17928
4,2025-04-08,18277
4,2025-04-09,19163
4,2025-04-10,20312
4,2025-04-11,21221
4,2025-04-12,26875
4,2025-04-13,18023
4,2025-04-14,18082
4,2025-04-15,20064
4,2025-04-16,20669
4,2025-04-17,23244
4,2025-04-18,22701
4,2025-04-19,23499
4,2025-04-20,19766
4,2025-04-21,18508
4,2025-04-22,19634
4,2025-04-23,20212
4,2025-04-24,20312
4,2025-04-25,21221
4,2025-04-26,26277
4,2025-04-27,23011
4,2025-04-28,17709
4,2025-04-29,19723
4,2025-04-30,21011
4,2025-05-01,22226
4,2025-05-02,24955
4,2025-05-03,24914
4,2025-05-04,21241
4,2025-05-05,17192
4,2025-05-06,18154
4,2025-05-07,21994
4,2025-05-08,19472
4,2025-05-09,22695
4,2025-05-10,28505
4,2025-05-11,23926
4,2025-05-12,15485
4,2025-05-13,15073
4,2025-05-14,15438
4,2025-05-15,17493
4,2025-05-16,20292
4,2025-05-17,25371
4,2025-05-18,20644
4,2025-05-19,16426
4,2025-05-20,16938
4,2025-05-21,15931
4,2025-05-22,21998
4,2025-05-23,20929
4,2025-05-24,26311
4,2025-05-25,23631
4,2025-05-26,16653
4,2025-05-27,16080
4,2025-05-28,16853
4,2025-05-29,17708
4,2025-05-30,21421
4,2025-05-31,27242
4,2025-06-01,30958
4,2025-06-02,17108
4,2025-06-03,16573
4,2025-06-04,17280
4,2025-06-05,18578
4,2025-06-06,20906
4,2025-06-07,25573
4,2025-06-08,18297
4,2025-06-09,15624
4,2025-06-10,15483
4,2025-06-11,16468
4,2025-06-12,19481
4,2025-06-13,22278
4,2025-06-14,28073
4,2025-06-15,21565
4,2025-06-16,16517
4,2025-06-17,16173
4,2025-06-18,16950
4,2025-06-19,18241
4,2025-06-20,19759
4,2025-06-21,24765
4,2025-06-22,19320
4,2025-06-23,16008
4,2025-06-24,15609
4,2025-06-25,16849
4,2025-06-26,20130
4,2025-06-27,22303
4,2025-06-28,26914
4,2025-06-29,22545
4,2025-06-30,17944
4,2025-07-01,18354
4,2025-07-02,18546
4,2025-07-03,19886
4,2025-07-04,21095
4,2025-07-05,26463
4,2025-07-06,22547
4,2025-07-07,16783
4,2025-07-08,16548
4,2025-07-09,16858
4,2025-07-10,17743
4,2025-07-11,20029
4,2025-07-12,25823
4,2025-07-13,21604
4,2025-07-14,16390
4,2025-07-15,17367
4,2025-07-16,17987
4,2025-07-17,18494
4,2025-07-18,21024
4,2025-07-19,25365
4,2025-07-20,21662
4,2025-07-21,17114
4,2025-07-22,16990
4,2025-07-23,18344
4,2025-07-24,19824
4,2025-07-25,21348
4,2025-07-26,23258
4,2025-07-27,19738
4,2025-07-28,16170
4,2025-07-29,16116
4,2025-07-30,17077
4,2025-07-31,19023
4,2025-08-01,22096
4,2025-08-02,25709
4,2025-08-03,21042
4,2025-08-04,17448
4,2025-08-05,17260
4,2025-08-06,17766
4,2025-08-07,19190
4,2025-08-08,21186
4,2025-08-09,25704
4,2025-08-10,21479
4,2025-08-11,22323
4,2025-08-12,16623
4,2025-08-13,16984
4,2025-08-14,17940
4,2025-08-15,21010
4,2025-08-16,26003
4,2025-08-17,20558
4,2025-08-18,16390
4,2025-08-19,16659
4,2025-08-20,17251
4,2025-08-21,17756
4,2025-08-22,20452
4,2025-08-23,23641
4,2025-08-24,18666
4,2025-08-25,15324
4,2025-08-26,15540
4,2025-08-27,15454
4,2025-08-28,17105
4,2025-08-29,21955
4,2025-08-30,26380
4,2025-08-31,21866
4,2025-09-01,16559
4,2025-09-02,16295
4,2025-09-03,17691
4,2025-09-04,18239
4,2025-09-05,20826
4,2025-09-06,25986
4,2025-09-07,20917
4,2025-09-08,15565
4,2025-09-09,17186
4,2025-09-10,16915
4,2025-09-11,18096
4,2025-09-12,19440
4,2025-09-13,25430
4,2025-09-14,19344
4,2025-09-15,15304
4,2025-09-16,16037
4,2025-09-17,16593
4,2025-09-18,16520
4,2025-09-19,19014
4,2025-09-20,23586
4,2025-09-21,19369
4,2025-09-22,14600
4,2025-09-23,14926
4,2025-09-24,15723
4,2025-09-25,16672
4,2025-09-26,20832
4,2025-09-27,23584
4,2025-09-28,19285
4,2025-09-29,15212
4,2025-09-30,17280
5,2024-10-01,28870
5,2024-10-02,26260
5,2024-10-03,25768
5,2024-10-04,29297
5,2024-10-05,35788
5,2024-10-06,30284
5,2024-10-07,29017
5,2024-10-08,26569
5,2024-10-09,21702
5,2024-10-10,21791
5,2024-10-11,27717
5,2024-10-12,42073
5,2024-10-13,34665
5,2024-10-14,25817
5,2024-10-15,23270
5,2024-10-16,23274
5,2024-10-17,26444
5,2024-10-18,40366
5,2024-10-19,46370
5,2024-10-20,34661
5,2024-10-21,34897
5,2024-10-22,31414
5,2024-10-23,33081
5,2024-10-24,32545
5,2024-10-25,34999
5,2024-10-26,43996
5,2024-10-27,36002
5,2024-10-28,33910
5,2024-10-29,31157
5,2024-10-30,38896
5,2024-10-31,48013
5,2024-11-01,33394
5,2024-11-02,33144
5,2024-11-03,28865
5,2024-11-04,35699
5,2024-11-05,31857
5,2024-11-06,30665
5,2024-11-07,30139
5,2024-11-08,31527
5,2024-11-09,34647
5,2024-11-10,34250
5,2024-11-11,34109
5,2024-11-12,29435
5,2024-11-13,31037
5,2024-11-14,33739
5,2024-11-15,36701
5,2024-11-16,39414
5,2024-11-17,36066
5,2024-11-18,33981
5,2024-11-19,30516
5,2024-11-20,33582
5,2024-11-21,33494
5,2024-11-22,35879
5,2024-11-23,42699
5,2024-11-24,45457
5,2024-11-25,36092
5,2024-11-26,32223
5,2024-11-27,32434
5,2024-11-28,34614
5,2024-11-29,51372
5,2024-11-30,56674
5,2024-12-01,48779
5,2024-12-02,38356
5,2024-12-03,32396
5,2024-12-04,32907
5,2024-12-05,35781
5,2024-12-06,39898
5,2024-12-07,44927
5,2024-12-08,40921
5,2024-12-09,34157
5,2024-12-10,29722
5,2024-12-11,34319
5,2024-12-12,29524
5,2024-12-13,36402
5,2024-12-14,42855
5,2024-12-15,43483
5,2024-12-16,39763
5,2024-12-17,36832
5,2024-12-18,39040
5,2024-12-19,39277
5,2024-12-20,45800
5,2024-12-21,53949
5,2024-12-22,56813
5,2024-12-23,58309
5,2024-12-24,48373
5,2024-12-25,45582
5,2024-12-26,42212
5,2024-12-27,45897
5,2024-12-28,47634
5,2024-12-29,47686
5,2024-12-30,47359
5,2024-12-31,30374
5,2025-01-01,15674
5,2025-01-02,47037
5,2025-01-03,46958
5,2025-01-04,45077
5,2025-01-05,46858
5,2025-01-06,44930
5,2025-01-07,36418
5,2025-01-08,30490
5,2025-01-09,33548
5,2025-01-10,35519
5,2025-01-11,44308
5,2025-01-12,41172
5,2025-01-13,33921
5,2025-01-14,33311
5,2025-01-15,33058
5,2025-01-16,32467
5,2025-01-17,35592
5,2025-01-18,43372
5,2025-01-19,37687
5,2025-01-20,36372
5,2025-01-21,33908
5,2025-01-22,30339
5,2025-01-23,30809
5,2025-01-24,33582
5,2025-01-25,41305
5,2025-01-26,38401
5,2025-01-27,31781
5,2025-01-28,29765
5,2025-01-29,29597
5,2025-01-30,30491
5,2025-01-31,38816
5,2025-02-01,49628
5,2025-02-02,45436
5,2025-02-03,40381
5,2025-02-04,35635
5,2025-02-05,39963
5,2025-02-06,36923
5,2025-02-07,40963
5,2025-02-08,50569
5,2025-02-09,59144
5,2025-02-10,40580
5,2025-02-11,34757
5,2025-02-12,35374
5,2025-02-13,37469
5,2025-02-14,49499
5,2025-02-15,50638
5,2025-02-16,44155
5,2025-02-17,37820
5,2025-02-18,35799
5,2025-02-19,34703
5,2025-02-20,37714
5,2025-02-21,37922
5,2025-02-22,42350
5,2025-02-23,40972
5,2025-02-24,36075
5,2025-02-25,34070
5,2025-02-26,32970
5,2025-02-27,32904
5,2025-02-28,41051
5,2025-03-01,46159
5,2025-03-02,38411
5,2025-03-03,38483
5,2025-03-04,41205
5,2025-03-05,42178
5,2025-03-06,38508
5,2025-03-07,40542
5,2025-03-08,52065
5,2025-03-09,41945
5,2025-03-10,40468
5,2025-03-11,36114
5,2025-03-12,33798
5,2025-03-13,33248
5,2025-03-14,38646
5,2025-03-15,48008
5,2025-03-16,45997
5,2025-03-17,40296
5,2025-03-18,36244
5,2025-03-19,37375
5,2025-03-20,40962
5,2025-03-21,42479
5,2025-03-22,47103
5,2025-03-23,44415
5,2025-03-24,37344
5,2025-03-25,37371
5,2025-03-26,33364
5,2025-03-27,32656
5,2025-03-28,37619
5,2025-03-29,46763
5,2025-03-30,44227
5,2025-03-31,40097
5,2025-04-01,40952
5,2025-04-02,36720
5,2025-04-03,37282
5,2025-04-04,26809
5,2025-04-05,54999
5,2025-04-06,48027
5,2025-04-07,44242
5,2025-04-08,40639
5,2025-04-09,36211
5,2025-04-10,38512
5,2025-04-11,43164
5,2025-04-12,49608
5,2025-04-13,56261
5,2025-04-14,40469
5,2025-04-15,40435
5,2025-04-16,40268
5,2025-04-17,45868
5,2025-04-18,40406
5,2025-04-19,45062
5,2025-04-20,42848
5,2025-04-21,41131
5,2025-04-22,36766
5,2025-04-23,35025
5,2025-04-24,38512
5,2025-04-25,43164
5,2025-04-26,47704
5,2025-04-27,47693
5,2025-04-28,35824
5,2025-04-29,35323
5,2025-04-30,35300
5,2025-05-01,42594
5,2025-05-02,53452
5,2025-05-03,49452
5,2025-05-04,48491
5,2025-05-05,44238
5,2025-05-06,37936
5,2025-05-07,37874
5,2025-05-08,37403
5,2025-05-09,42214
5,2025-05-10,53860
5,2025-05-11,55255
5,2025-05-12,36971
5,2025-05-13,34636
5,2025-05-14,35211
5,2025-05-15,36168
5,2025-05-16,39018
5,2025-05-17,48121
5,2025-05-18,48830
5,2025-05-19,39399
5,2025-05-20,38666
5,2025-05-21,47063
5,2025-05-22,41795
5,2025-05-23,47953
5,2025-05-24,46034
5,2025-05-25,45285
5,2025-05-26,36010
5,2025-05-27,33936
5,2025-05-28,34956
5,2025-05-29,34129
5,2025-05-30,41773
5,2025-05-31,53635
5,2025-06-01,71327
5,2025-06-02,44130
5,2025-06-03,37745
5,2025-06-04,37398
5,2025-06-05,38000
5,2025-06-06,40775
5,2025-06-07,47994
5,2025-06-08,45984
5,2025-06-09,37381
5,2025-06-10,33397
5,2025-06-11,33252
5,2025-06-12,32715
5,2025-06-13,38022
5,2025-06-14,48084
5,2025-06-15,47935
5,2025-06-16,36156
5,2025-06-17,32491
5,2025-06-18,32682
5,2025-06-19,33252
5,2025-06-20,39223
5,2025-06-21,42277
5,2025-06-22,40959
5,2025-06-23,35968
5,2025-06-24,33854
5,2025-06-25,33092
5,2025-06-26,34191
5,2025-06-27,36794
5,2025-06-28,41132
5,2025-06-29,40423
5,2025-06-30,41659
5,2025-07-01,42347
5,2025-07-02,39428
5,2025-07-03,38252
5,2025-07-04,41408
5,2025-07-05,44808
5,2025-07-06,41711
5,2025-07-07,44258
5,2025-07-08,38209
5,2025-07-09,37169
5,2025-07-10,37710
5,2025-07-11,36754
5,2025-07-12,38512
5,2025-07-13,37181
5,2025-07-14,38301
5,2025-07-15,39767
5,2025-07-16,37147
5,2025-07-17,35819
5,2025-07-18,37388
5,2025-07-19,39940
5,2025-07-20,39834
5,2025-07-21,40624
5,2025-07-22,36267
5,2025-07-23,35741
5,2025-07-24,34964
5,2025-07-25,37440
5,2025-07-26,39787
5,2025-07-27,39076
5,2025-07-28,37002
5,2025-07-29,36393
5,2025-07-30,37126
5,2025-07-31,38809
5,2025-08-01,44520
5,2025-08-02,45017
5,2025-08-03,41346
5,2025-08-04,46053
5,2025-08-05,44145
5,2025-08-06,39828
5,2025-08-07,42255
5,2025-08-08,40730
5,2025-08-09,43491
5,2025-08-10,38235
5,2025-08-11,43674
5,2025-08-12,41991
5,2025-08-13,38798
5,2025-08-14,39370
5,2025-08-15,43926
5,2025-08-16,46421
5,2025-08-17,45266
5,2025-08-18,43970
5,2025-08-19,42063
5,2025-08-20,44207
5,2025-08-21,39298
5,2025-08-22,40428
5,2025-08-23,43578
5,2025-08-24,42363
5,2025-08-25,41148
5,2025-08-26,38775
5,2025-08-27,37103
5,2025-08-28,38704
5,2025-08-29,42392
5,2025-08-30,47735
5,2025-08-31,48446
5,2025-09-01,45453
5,2025-09-02,41060
5,2025-09-03,39471
5,2025-09-04,38400
5,2025-09-05,42588
5,2025-09-06,50830
5,2025-09-07,46160
5,2025-09-08,40820
5,2025-09-09,35971
5,2025-09-10,35134
5,2025-09-11,36220
5,2025-09-12,37643
5,2025-09-13,47244
5,2025-09-14,45568
5,2025-09-15,42019
5,2025-09-16,42650
5,2025-09-17,33985
5,2025-09-18,33543
5,2025-09-19,37663
5,2025-09-20,48708
5,2025-09-21,43036
5,2025-09-22,35336
5,2025-09-23,33880
5,2025-09-24,32502
5,2025-09-25,32832
5,2025-09-26,37534
5,2025-09-27,43439
5,2025-09-28,43312
5,2025-09-29,32068
5,2025-09-30,34953
6,2024-10-01,11391
6,2024-10-02,10662
6,2024-10-03,10152
6,2024-10-04,11932
6,2024-10-05,15790
6,2024-10-06,14021
6,2024-10-07,10157
6,2024-10-08,9478
6,2024-10-09,8988
6,2024-10-10,10641
6,2024-10-11,13872
6,2024-10-12,15030
6,2024-10-13,12402
6,2024-10-14,9574
6,2024-10-15,10839
6,2024-10-16,9456
6,2024-10-17,9964
6,2024-10-18,10922
6,2024-10-19,14478
6,2024-10-20,12862
6,2024-10-21,9861
6,2024-10-22,9820
6,2024-10-23,10333
6,2024-10-24,11209
6,2024-10-25,10722
6,2024-10-26,14301
6,2024-10-27,12410
6,2024-10-28,10305
6,2024-10-29,10245
6,2024-10-30,9078
6,2024-10-31,15044
6,2024-11-01,14198
6,2024-11-02,13383
6,2024-11-03,12903
6,2024-11-04,12975
6,2024-11-05,10241
6,2024-11-06,9003
6,2024-11-07,10843
6,2024-11-08,12998
6,2024-11-09,14394
6,2024-11-10,14037
6,2024-11-11,11771
6,2024-11-12,10549
6,2024-11-13,9458
6,2024-11-14,11307
6,2024-11-15,11908
6,2024-11-16,14983
6,2024-11-17,13108
6,2024-11-18,10664
6,2024-11-19,10575
6,2024-11-20,9006
6,2024-11-21,9434
6,2024-11-22,12480
6,2024-11-23,16611
6,2024-11-24,13588
6,2024-11-25,11767
6,2024-11-26,9503
6,2024-11-27,8389
6,2024-11-28,9960
6,2024-11-29,16247
6,2024-11-30,19055
6,2024-12-01,16224
6,2024-12-02,10509
6,2024-12-03,10798
6,2024-12-04,10245
6,2024-12-05,11654
6,2024-12-06,15667
6,2024-12-07,18629
6,2024-12-08,16573
6,2024-12-09,11022
6,2024-12-10,9945
6,2024-12-11,9192
6,2024-12-12,10020
6,2024-12-13,11868
6,2024-12-14,18136
6,2024-12-15,16289
6,2024-12-16,12277
6,2024-12-17,11287
6,2024-12-18,11470
6,2024-12-19,12328
6,2024-12-20,15279
6,2024-12-21,18334
6,2024-12-22,17613
6,2024-12-23,16403
6,2024-12-24,27662
6,2024-12-25,23031
6,2024-12-26,14994
6,2024-12-27,14950
6,2024-12-28,17610
6,2024-12-29,16119
6,2024-12-30,15938
6,2024-12-31,12515
6,2025-01-01,8846
6,2025-01-02,17229
6,2025-01-03,16391
6,2025-01-04,17904
6,2025-01-05,14608
6,2025-01-06,10391
6,2025-01-07,9715
6,2025-01-08,9216
6,2025-01-09,7962
6,2025-01-10,10944
6,2025-01-11,14662
6,2025-01-12,12378
6,2025-01-13,8290
6,2025-01-14,8607
6,2025-01-15,8101
6,2025-01-16,7826
6,2025-01-17,9816
6,2025-01-18,13829
6,2025-01-19,12094
6,2025-01-20,8566
6,2025-01-21,8499
6,2025-01-22,7816
6,2025-01-23,7765
6,2025-01-24,9558
6,2025-01-25,13339
6,2025-01-26,11489
6,2025-01-27,7909
6,2025-01-28,7725
6,2025-01-29,7341
6,2025-01-30,7624
6,2025-01-31,9973
6,2025-02-01,14011
6,2025-02-02,12849
6,2025-02-03,8850
6,2025-02-04,9078
6,2025-02-05,8329
6,2025-02-06,8517
6,2025-02-07,10409
6,2025-02-08,14688
6,2025-02-09,13389
6,2025-02-10,9629
6,2025-02-11,8923
6,2025-02-12,8699
6,2025-02-13,9488
6,2025-02-14,15006
6,2025-02-15,14335
6,2025-02-16,12629
6,2025-02-17,8898
6,2025-02-18,8523
6,2025-02-19,8206
6,2025-02-20,8630
6,2025-02-21,10286
6,2025-02-22,13238
6,2025-02-23,12181
6,2025-02-24,8345
6,2025-02-25,8759
6,2025-02-26,8129
6,2025-02-27,8239
6,2025-02-28,11670
6,2025-03-01,14868
6,2025-03-02,11742
6,2025-03-03,11443
6,2025-03-04,12755
6,2025-03-05,10622
6,2025-03-06,9370
6,2025-03-07,10621
6,2025-03-08,16210
6,2025-03-09,13265
6,2025-03-10,9362
6,2025-03-11,9220
6,2025-03-12,8510
6,2025-03-13,8248
6,2025-03-14,10950
6,2025-03-15,15045
6,2025-03-16,12866
6,2025-03-17,8950
6,2025-03-18,9141
6,2025-03-19,8678
6,2025-03-20,9173
6,2025-03-21,11482
6,2025-03-22,13764
6,2025-03-23,12735
6,2025-03-24,8507
6,2025-03-25,9241
6,2025-03-26,7878
6,2025-03-27,8180
6,2025-03-28,10175
6,2025-03-29,14994
6,2025-03-30,13069
6,2025-03-31,10513
6,2025-04-01,10497
6,2025-04-02,9673
6,2025-04-03,8348
6,2025-04-04,11398
6,2025-04-05,16459
6,2025-04-06,14491
6,2025-04-07,9043
6,2025-04-08,9015
6,2025-04-09,8615
6,2025-04-10,8774
6,2025-04-11,11052
6,2025-04-12,15384
6,2025-04-13,13442
6,2025-04-14,9155
6,2025-04-15,9386
6,2025-04-16,9736
6,2025-04-17,12758
6,2025-04-18,13427
6,2025-04-19,15401
6,2025-04-20,12971
6,2025-04-21,9122
6,2025-04-22,8974
6,2025-04-23,7947
6,2025-04-24,8774
6,2025-04-25,11052
6,2025-04-26,13588
6,2025-04-27,12709
6,2025-04-28,8107
6,2025-04-29,8646
6,2025-04-30,8457
6,2025-05-01,10090
6,2025-05-02,14386
6,2025-05-03,15029
6,2025-05-04,12774
6,2025-05-05,9179
6,2025-05-06,9255
6,2025-05-07,8347
6,2025-05-08,8932
6,2025-05-09,11309
6,2025-05-10,16939
6,2025-05-11,16212
6,2025-05-12,8383
6,2025-05-13,9121
6,2025-05-14,8209
6,2025-05-15,8857
6,2025-05-16,10613
6,2025-05-17,15100
6,2025-05-18,12994
6,2025-05-19,8557
6,2025-05-20,9732
6,2025-05-21,8189
6,2025-05-22,11282
6,2025-05-23,16229
6,2025-05-24,15961
6,2025-05-25,14411
6,2025-05-26,8789
6,2025-05-27,9915
6,2025-05-28,9378
6,2025-05-29,9109
6,2025-05-30,13126
6,2025-05-31,17517
6,2025-06-01,19550
6,2025-06-02,10111
6,2025-06-03,9716
6,2025-06-04,8828
6,2025-06-05,9313
6,2025-06-06,11335
6,2025-06-07,15493
6,2025-06-08,13063
6,2025-06-09,8790
6,2025-06-10,9670
6,2025-06-11,8491
6,2025-06-12,8444
6,2025-06-13,11912
6,2025-06-14,16132
6,2025-06-15,14861
6,2025-06-16,8676
6,2025-06-17,9162
6,2025-06-18,7954
6,2025-06-19,8380
6,2025-06-20,10093
6,2025-06-21,12171
6,2025-06-22,11440
6,2025-06-23,8597
6,2025-06-24,9194
6,2025-06-25,8605
6,2025-06-26,8168
6,2025-06-27,10924
6,2025-06-28,13146
6,2025-06-29,12272
6,2025-06-30,9920
6,2025-07-01,11786
6,2025-07-02,10604
6,2025-07-03,10185
6,2025-07-04,11165
6,2025-07-05,14423
6,2025-07-06,12574
6,2025-07-07,9636
6,2025-07-08,9864
6,2025-07-09,9656
6,2025-07-10,9578
6,2025-07-11,10805
6,2025-07-12,13487
6,2025-07-13,11556
6,2025-07-14,9651
6,2025-07-15,10668
6,2025-07-16,10005
6,2025-07-17,9166
6,2025-07-18,10550
6,2025-07-19,13416
6,2025-07-20,11867
6,2025-07-21,9288
6,2025-07-22,9677
6,2025-07-23,8962
6,2025-07-24,9052
6,2025-07-25,10059
6,2025-07-26,11678
6,2025-07-27,11421
6,2025-07-28,8661
6,2025-07-29,9414
6,2025-07-30,9072
6,2025-07-31,10218
6,2025-08-01,11613
6,2025-08-02,14958
6,2025-08-03,12698
6,2025-08-04,10759
6,2025-08-05,11427
6,2025-08-06,10014
6,2025-08-07,9833
6,2025-08-08,10536
6,2025-08-09,13457
6,2025-08-10,12241
6,2025-08-11,12132
6,2025-08-12,10283
6,2025-08-13,9828
6,2025-08-14,10093
6,2025-08-15,11382
6,2025-08-16,14035
6,2025-08-17,12448
6,2025-08-18,10599
6,2025-08-19,10438
6,2025-08-20,10251
6,2025-08-21,9708
6,2025-08-22,10583
6,2025-08-23,13947
6,2025-08-24,11969
6,2025-08-25,9532
6,2025-08-26,9815
6,2025-08-27,8713
6,2025-08-28,9123
6,2025-08-29,11211
6,2025-08-30,15106
6,2025-08-31,13303
6,2025-09-01,10821
6,2025-09-02,9620
6,2025-09-03,9431
6,2025-09-04,9845
6,2025-09-05,11353
6,2025-09-06,15282
6,2025-09-07,13145
6,2025-09-08,9447
6,2025-09-09,9875
6,2025-09-10,9453
6,2025-09-11,9374
6,2025-09-12,10566
6,2025-09-13,14609
6,2025-09-14,12854
6,2025-09-15,8531
6,2025-09-16,9047
6,2025-09-17,8040
6,2025-09-18,7749
6,2025-09-19,10134
6,2025-09-20,14196
6,2025-09-21,12084
6,2025-09-22,5765
6,2025-09-23,6804
6,2025-09-24,6763
6,2025-09-25,7459
6,2025-09-26,9193
6,2025-09-27,12547
6,2025-09-28,11402
6,2025-09-29,7588
6,2025-09-30,8989
7,2024-10-01,31699
7,2024-10-02,20750
7,2024-10-03,22196
7,2024-10-04,24994
7,2024-10-05,29769
7,2024-10-06,25999
7,2024-10-07,22812
7,2024-10-08,19463
7,2024-10-09,19494
7,2024-10-10,20207
7,2024-10-11,22474
7,2024-10-12,27882
7,2024-10-13,26044
7,2024-10-14,20884
7,2024-10-15,20469
7,2024-10-16,20828
7,2024-10-17,19852
7,2024-10-18,24561
7,2024-10-19,26719
7,2024-10-20,24448
7,2024-10-21,19744
7,2024-10-22,18560
7,2024-10-23,19411
7,2024-10-24,20682
7,2024-10-25,23658
7,2024-10-26,29297
7,2024-10-27,25808
7,2024-10-28,19580
7,2024-10-29,21289
7,2024-10-30,18864
7,2024-10-31,20841
7,2024-11-01,24827
7,2024-11-02,27819
7,2024-11-03,26653
7,2024-11-04,19580
7,2024-11-05,21289
7,2024-11-06,18867
7,2024-11-07,19849
7,2024-11-08,24846
7,2024-11-09,27958
7,2024-11-10,26805
7,2024-11-11,19691
7,2024-11-12,20175
7,2024-11-13,18247
7,2024-11-14,21119
7,2024-11-15,23670
7,2024-11-16,26633
7,2024-11-17,26345
7,2024-11-18,19641
7,2024-11-19,20805
7,2024-11-20,18453
7,2024-11-21,18760
7,2024-11-22,23725
7,2024-11-23,28252
7,2024-11-24,24628
7,2024-11-25,18942
7,2024-11-26,20401
7,2024-11-27,21674
7,2024-11-28,30070
7,2024-11-29,39031
7,2024-11-30,46613
7,2024-12-01,44600
7,2024-12-02,22770
7,2024-12-03,23985
7,2024-12-04,22470
7,2024-12-05,24160
7,2024-12-06,27877
7,2024-12-07,32946
7,2024-12-08,34891
7,2024-12-09,25698
7,2024-12-10,25738
7,2024-12-11,28546
7,2024-12-12,27777
7,2024-12-13,30253
7,2024-12-14,39145
7,2024-12-15,42555
7,2024-12-16,34697
7,2024-12-17,33204
7,2024-12-18,32180
7,2024-12-19,34366
7,2024-12-20,35896
7,2024-12-21,42810
7,2024-12-22,46024
7,2024-12-23,43227
7,2024-12-24,38899
7,2024-12-25,32135
7,2024-12-26,32175
7,2024-12-27,33565
7,2024-12-28,36793
7,2024-12-29,39133
7,2024-12-30,30254
7,2024-12-31,28200
7,2025-01-01,15591
7,2025-01-02,44771
7,2025-01-03,40363
7,2025-01-04,36244
7,2025-01-05,30217
7,2025-01-06,29508
7,2025-01-07,24674
7,2025-01-08,24317
7,2025-01-09,23174
7,2025-01-10,24158
7,2025-01-11,29171
7,2025-01-12,26775
7,2025-01-13,21003
7,2025-01-14,17203
7,2025-01-15,17784
7,2025-01-16,17161
7,2025-01-17,19944
7,2025-01-18,24440
7,2025-01-19,21986
7,2025-01-20,18424
7,2025-01-21,16892
7,2025-01-22,16867
7,2025-01-23,16653
7,2025-01-24,20094
7,2025-01-25,25884
7,2025-01-26,24827
7,2025-01-27,18060
7,2025-01-28,18943
7,2025-01-29,18007
7,2025-01-30,19545
7,2025-01-31,22618
7,2025-02-01,29112
7,2025-02-02,26878
7,2025-02-03,22097
7,2025-02-04,21501
7,2025-02-05,23136
7,2025-02-06,20501
7,2025-02-07,24541
7,2025-02-08,29627
7,2025-02-09,27653
7,2025-02-10,21295
7,2025-02-11,19883
7,2025-02-12,21392
7,2025-02-13,23227
7,2025-02-14,34301
7,2025-02-15,31229
7,2025-02-16,29188
7,2025-02-17,21595
7,2025-02-18,19666
7,2025-02-19,21017
7,2025-02-20,20057
7,2025-02-21,22701
7,2025-02-22,26125
7,2025-02-23,24952
7,2025-02-24,19958
7,2025-02-25,19869
7,2025-02-26,21180
7,2025-02-27,20863
7,2025-02-28,26626
7,2025-03-01,29458
7,2025-03-02,26207
7,2025-03-03,35939
7,2025-03-04,23634
7,2025-03-05,24693
7,2025-03-06,22304
7,2025-03-07,25041
7,2025-03-08,28305
7,2025-03-09,25903
7,2025-03-10,21951
7,2025-03-11,18308
7,2025-03-12,20144
7,2025-03-13,19129
7,2025-03-14,25988
7,2025-03-15,28279
7,2025-03-16,26667
7,2025-03-17,22778
7,2025-03-18,21840
7,2025-03-19,21866
7,2025-03-20,22190
7,2025-03-21,24068
7,2025-03-22,27043
7,2025-03-23,26388
7,2025-03-24,21136
7,2025-03-25,21027
7,2025-03-26,21658
7,2025-03-27,20492
7,2025-03-28,23787
7,2025-03-29,31125
7,2025-03-30,27329
7,2025-03-31,24219
7,2025-04-01,24010
7,2025-04-02,22416
7,2025-04-03,22279
7,2025-04-04,25016
7,2025-04-05,30612
7,2025-04-06,28536
7,2025-04-07,23078
7,2025-04-08,21657
7,2025-04-09,21605
7,2025-04-10,21987
7,2025-04-11,23935
7,2025-04-12,30008
7,2025-04-13,27708
7,2025-04-14,22081
7,2025-04-15,24093
7,2025-04-16,24371
7,2025-04-17,26582
7,2025-04-18,31562
7,2025-04-19,31815
7,2025-04-20,29156
7,2025-04-21,24135
7,2025-04-22,21726
7,2025-04-23,21831
7,2025-04-24,21987
7,2025-04-25,23935
7,2025-04-26,29503
7,2025-04-27,27481
7,2025-04-28,21054
7,2025-04-29,20785
7,2025-04-30,23108
7,2025-05-01,25391
7,2025-05-02,31104
7,2025-05-03,32451
7,2025-05-04,29309
7,2025-05-05,23492
7,2025-05-06,20483
7,2025-05-07,20190
7,2025-05-08,20621
7,2025-05-09,24549
7,2025-05-10,31399
7,2025-05-11,32311
7,2025-05-12,19472
7,2025-05-13,18005
7,2025-05-14,18444
7,2025-05-15,20103
7,2025-05-16,22638
7,2025-05-17,27763
7,2025-05-18,26831
7,2025-05-19,19691
7,2025-05-20,20336
7,2025-05-21,19499
7,2025-05-22,23292
7,2025-05-23,30954
7,2025-05-24,31063
7,2025-05-25,30130
7,2025-05-26,20139
7,2025-05-27,18798
7,2025-05-28,19488
7,2025-05-29,20214
7,2025-05-30,24027
7,2025-05-31,32758
7,2025-06-01,37251
7,2025-06-02,21897
7,2025-06-03,19324
7,2025-06-04,19660
7,2025-06-05,21419
7,2025-06-06,23310
7,2025-06-07,29821
7,2025-06-08,27283
7,2025-06-09,19633
7,2025-06-10,18835
7,2025-06-11,19876
7,2025-06-12,20812
7,2025-06-13,25065
7,2025-06-14,32140
7,2025-06-15,28555
7,2025-06-16,19993
7,2025-06-17,19221
7,2025-06-18,20437
7,2025-06-19,19626
7,2025-06-20,22410
7,2025-06-21,27655
7,2025-06-22,26489
7,2025-06-23,19320
7,2025-06-24,18358
7,2025-06-25,19676
7,2025-06-26,20497
7,2025-06-27,25374
7,2025-06-28,27767
7,2025-06-29,25264
7,2025-06-30,20090
7,2025-07-01,20583
7,2025-07-02,21035
7,2025-07-03,20132
7,2025-07-04,24535
7,2025-07-05,31460
7,2025-07-06,29312
7,2025-07-07,20062
7,2025-07-08,19572
7,2025-07-09,19253
7,2025-07-10,19095
7,2025-07-11,23423
7,2025-07-12,29033
7,2025-07-13,26411
7,2025-07-14,19245
7,2025-07-15,20287
7,2025-07-16,19426
7,2025-07-17,19225
7,2025-07-18,23664
7,2025-07-19,30633
7,2025-07-20,27382
7,2025-07-21,20808
7,2025-07-22,19500
7,2025-07-23,19051
7,2025-07-24,18713
7,2025-07-25,22916
7,2025-07-26,27709
7,2025-07-27,25844
7,2025-07-28,19709
7,2025-07-29,18373
7,2025-07-30,18886
7,2025-07-31,19589
7,2025-08-01,24519
7,2025-08-02,30528
7,2025-08-03,26808
7,2025-08-04,22079
7,2025-08-05,22266
7,2025-08-06,20972
7,2025-08-07,20918
7,2025-08-08,25517
7,2025-08-09,30196
7,2025-08-10,29097
7,2025-08-11,28479
7,2025-08-12,21162
7,2025-08-13,19209
7,2025-08-14,18785
7,2025-08-15,24382
7,2025-08-16,27968
7,2025-08-17,26837
7,2025-08-18,20329
7,2025-08-19,20180
7,2025-08-20,20547
7,2025-08-21,19417
7,2025-08-22,22713
7,2025-08-23,26774
7,2025-08-24,25900
7,2025-08-25,20035
7,2025-08-26,18382
7,2025-08-27,18729
7,2025-08-28,19055
7,2025-08-29,20649
7,2025-08-30,26308
7,2025-08-31,26366
7,2025-09-01,20216
7,2025-09-02,18385
7,2025-09-03,19193
7,2025-09-04,20058
7,2025-09-05,22425
7,2025-09-06,28243
7,2025-09-07,26657
7,2025-09-08,19653
7,2025-09-09,18508
7,2025-09-10,18191
7,2025-09-11,19615
7,2025-09-12,21022
7,2025-09-13,27690
7,2025-09-14,26197
7,2025-09-15,20502
7,2025-09-16,19610
7,2025-09-17,19079
7,2025-09-18,19053
7,2025-09-19,21766
7,2025-09-20,28050
7,2025-09-21,26801
7,2025-09-22,19086
7,2025-09-23,18036
7,2025-09-24,18274
7,2025-09-25,18228
7,2025-09-26,21857
7,2025-09-27,25391
7,2025-09-28,24187
7,2025-09-29,20017
7,2025-09-30,19246
8,2024-10-01,24404
8,2024-10-02,23804
8,2024-10-03,25122
8,2024-10-04,27820
8,2024-10-05,35616
8,2024-10-06,31068
8,2024-10-07,27931
8,2024-10-08,23920
8,2024-10-09,21661
8,2024-10-10,21240
8,2024-10-11,25556
8,2024-10-12,31557
8,2024-10-13,27746
8,2024-10-14,22344
8,2024-10-15,21597
8,2024-10-16,21640
8,2024-10-17,19965
8,2024-10-18,25759
8,2024-10-19,31293
8,2024-10-20,29934
8,2024-10-21,24968
8,2024-10-22,22167
8,2024-10-23,22985
8,2024-10-24,24894
8,2024-10-25,35337
8,2024-10-26,39644
8,2024-10-27,36205
8,2024-10-28,27068
8,2024-10-29,24313
8,2024-10-30,22294
8,2024-10-31,40143
8,2024-11-01,31663
8,2024-11-02,31521
8,2024-11-03,29233
8,2024-11-04,34104
8,2024-11-05,26153
8,2024-11-06,23973
8,2024-11-07,25868
8,2024-11-08,29063
8,2024-11-09,37040
8,2024-11-10,35122
8,2024-11-11,27755
8,2024-11-12,23462
8,2024-11-13,22647
8,2024-11-14,25397
8,2024-11-15,27413
8,2024-11-16,35328
8,2024-11-17,35564
8,2024-11-18,27180
8,2024-11-19,23360
8,2024-11-20,23480
8,2024-11-21,22551
8,2024-11-22,27894
8,2024-11-23,38760
8,2024-11-24,35135
8,2024-11-25,29992
8,2024-11-26,25060
8,2024-11-27,25540
8,2024-11-28,25281
8,2024-11-29,36876
8,2024-11-30,45570
8,2024-12-01,43367
8,2024-12-02,25385
8,2024-12-03,23965
8,2024-12-04,23597
8,2024-12-05,26044
8,2024-12-06,37682
8,2024-12-07,43848
8,2024-12-08,41852
8,2024-12-09,29038
8,2024-12-10,23067
8,2024-12-11,22540
8,2024-12-12,23636
8,2024-12-13,32420
8,2024-12-14,43859
8,2024-12-15,42630
8,2024-12-16,30010
8,2024-12-17,29093
8,2024-12-18,30413
8,2024-12-19,31371
8,2024-12-20,37705
8,2024-12-21,48281
8,2024-12-22,50669
8,2024-12-23,47569
8,2024-12-24,46250
8,2024-12-25,40135
8,2024-12-26,32528
8,2024-12-27,33609
8,2024-12-28,39789
8,2024-12-29,40358
8,2024-12-30,35119
8,2024-12-31,27490
8,2025-01-01,17489
8,2025-01-02,32497
8,2025-01-03,31129
8,2025-01-04,31065
8,2025-01-05,31372
8,2025-01-06,26844
8,2025-01-07,24155
8,2025-01-08,24776
8,2025-01-09,19919
8,2025-01-10,23095
8,2025-01-11,30860
8,2025-01-12,28883
8,2025-01-13,19421
8,2025-01-14,18552
8,2025-01-15,19693
8,2025-01-16,18817
8,2025-01-17,22362
8,2025-01-18,30014
8,2025-01-19,28675
8,2025-01-20,22007
8,2025-01-21,19987
8,2025-01-22,17551
8,2025-01-23,17401
8,2025-01-24,20363
8,2025-01-25,28018
8,2025-01-26,26350
8,2025-01-27,22904
8,2025-01-28,20427
8,2025-01-29,18980
8,2025-01-30,19432
8,2025-01-31,22652
8,2025-02-01,30982
8,2025-02-02,30119
8,2025-02-03,22311
8,2025-02-04,19726
8,2025-02-05,21001
8,2025-02-06,19612
8,2025-02-07,24344
8,2025-02-08,32363
8,2025-02-09,26989
8,2025-02-10,23551
8,2025-02-11,19074
8,2025-02-12,19363
8,2025-02-13,19713
8,2025-02-14,29237
8,2025-02-15,31399
8,2025-02-16,31161
8,2025-02-17,20771
8,2025-02-18,19208
8,2025-02-19,19037
8,2025-02-20,20812
8,2025-02-21,22676
8,2025-02-22,28818
8,2025-02-23,28618
8,2025-02-24,19071
8,2025-02-25,17554
8,2025-02-26,17585
8,2025-02-27,18303
8,2025-02-28,23477
8,2025-03-01,30345
8,2025-03-02,26229
8,2025-03-03,25442
8,2025-03-04,27472
8,2025-03-05,24485
8,2025-03-06,21267
8,2025-03-07,25598
8,2025-03-08,34120
8,2025-03-09,31080
8,2025-03-10,24390
8,2025-03-11,19870
8,2025-03-12,18959
8,2025-03-13,17639
8,2025-03-14,22161
8,2025-03-15,32351
8,2025-03-16,31809
8,2025-03-17,21469
8,2025-03-18,19358
8,2025-03-19,20479
8,2025-03-20,21626
8,2025-03-21,25477
8,2025-03-22,32820
8,2025-03-23,33088
8,2025-03-24,20755
8,2025-03-25,19636
8,2025-03-26,18095
8,2025-03-27,18053
8,2025-03-28,22190
8,2025-03-29,32351
8,2025-03-30,30909
8,2025-03-31,21814
8,2025-04-01,21421
8,2025-04-02,22165
8,2025-04-03,23037
8,2025-04-04,28156
8,2025-04-05,40328
8,2025-04-06,36942
8,2025-04-07,24432
8,2025-04-08,22148
8,2025-04-09,21462
8,2025-04-10,22161
8,2025-04-11,26560
8,2025-04-12,35280
8,2025-04-13,29998
8,2025-04-14,24414
8,2025-04-15,23063
8,2025-04-16,25332
8,2025-04-17,31842
8,2025-04-18,31587
8,2025-04-19,33204
8,2025-04-20,31195
8,2025-04-21,25931
8,2025-04-22,21817
8,2025-04-23,21495
8,2025-04-24,22161
8,2025-04-25,26560
8,2025-04-26,32654
8,2025-04-27,33442
8,2025-04-28,21480
8,2025-04-29,23419
8,2025-04-30,22289
8,2025-05-01,27360
8,2025-05-02,37592
8,2025-05-03,34933
8,2025-05-04,33006
8,2025-05-05,26250
8,2025-05-06,23422
8,2025-05-07,23799
8,2025-05-08,23481
8,2025-05-09,29625
8,2025-05-10,37621
8,2025-05-11,35408
8,2025-05-12,22836
8,2025-05-13,20860
8,2025-05-14,20375
8,2025-05-15,21852
8,2025-05-16,25035
8,2025-05-17,31429
8,2025-05-18,30508
8,2025-05-19,22356
8,2025-05-20,20919
8,2025-05-21,21315
8,2025-05-22,24989
8,2025-05-23,33655
8,2025-05-24,32727
8,2025-05-25,30780
8,2025-05-26,21124
8,2025-05-27,19385
8,2025-05-28,21078
8,2025-05-29,20773
8,2025-05-30,29789
8,2025-05-31,39749
8,2025-06-01,44126
8,2025-06-02,25390
8,2025-06-03,22042
8,2025-06-04,23749
8,2025-06-05,24186
8,2025-06-06,30744
8,2025-06-07,34642
8,2025-06-08,32940
8,2025-06-09,23046
8,2025-06-10,21252
8,2025-06-11,21119
8,2025-06-12,21728
8,2025-06-13,28473
8,2025-06-14,34295
8,2025-06-15,34144
8,2025-06-16,22952
8,2025-06-17,20227
8,2025-06-18,21448
8,2025-06-19,21016
8,2025-06-20,26105
8,2025-06-21,29404
8,2025-06-22,27853
8,2025-06-23,22333
8,2025-06-24,20113
8,2025-06-25,21349
8,2025-06-26,21829
8,2025-06-27,25229
8,2025-06-28,29142
8,2025-06-29,28575
8,2025-06-30,25025
8,2025-07-01,24955
8,2025-07-02,24608
8,2025-07-03,25401
8,2025-07-04,27544
8,2025-07-05,32644
8,2025-07-06,32386
8,2025-07-07,26800
8,2025-07-08,24502
8,2025-07-09,24983
8,2025-07-10,25988
8,2025-07-11,26975
8,2025-07-12,31251
8,2025-07-13,29122
8,2025-07-14,25242
8,2025-07-15,25103
8,2025-07-16,24456
8,2025-07-17,24164
8,2025-07-18,27235
8,2025-07-19,30014
8,2025-07-20,29294
8,2025-07-21,25963
8,2025-07-22,23389
8,2025-07-23,24168
8,2025-07-24,23169
8,2025-07-25,26013
8,2025-07-26,28347
8,2025-07-27,27739
8,2025-07-28,22836
8,2025-07-29,22271
8,2025-07-30,23445
8,2025-07-31,25264
8,2025-08-01,34040
8,2025-08-02,38325
8,2025-08-03,35389
8,2025-08-04,28909
8,2025-08-05,29147
8,2025-08-06,27585
8,2025-08-07,27925
8,2025-08-08,31623
8,2025-08-09,32025
8,2025-08-10,31253
8,2025-08-11,33055
8,2025-08-12,25557
8,2025-08-13,24302
8,2025-08-14,24947
8,2025-08-15,29033
8,2025-08-16,33425
8,2025-08-17,32130
8,2025-08-18,27766
8,2025-08-19,27675
8,2025-08-20,28075
8,2025-08-21,27391
8,2025-08-22,29056
8,2025-08-23,32577
8,2025-08-24,32343
8,2025-08-25,26771
8,2025-08-26,25514
8,2025-08-27,25751
8,2025-08-28,24837
8,2025-08-29,32778
8,2025-08-30,38597
8,2025-08-31,37495
8,2025-09-01,28218
8,2025-09-02,25805
8,2025-09-03,24929
8,2025-09-04,26186
8,2025-09-05,30721
8,2025-09-06,34435
8,2025-09-07,32328
8,2025-09-08,29362
8,2025-09-09,23102
8,2025-09-10,22867
8,2025-09-11,23195
8,2025-09-12,25225
8,2025-09-13,33396
8,2025-09-14,32484
8,2025-09-15,24091
8,2025-09-16,20608
8,2025-09-17,22630
8,2025-09-18,21691
8,2025-09-19,26309
8,2025-09-20,34850
8,2025-09-21,31901
8,2025-09-22,21579
8,2025-09-23,21269
8,2025-09-24,20735
8,2025-09-25,21062
8,2025-09-26,26596
8,2025-09-27,32964
8,2025-09-28,32472
8,2025-09-29,21062
8,2025-09-30,21780
