id_cc,hora,ins_promedio,p10,p50,p90
1,0,1.0,1.0,1.0,1.0
1,3,1.5034687809712586,0.0,1.0,3.0
1,4,1.4365296803652967,0.0,1.0,3.0
1,5,2.595521343596921,1.0,1.0,4.0
1,6,7.477528834681161,1.0,2.0,21.0
1,7,8.681822226176706,1.0,2.0,18.0
1,8,10.83070241952161,1.0,2.0,22.0
1,9,15.208739923631736,1.0,2.0,39.0
1,10,18.91451508884293,1.0,3.0,19.0
1,11,23.512755800759088,1.0,4.0,20.0
1,12,28.71238428148888,1.0,4.0,23.0
1,13,31.72610465767751,1.0,5.0,25.0
1,14,30.632526598854202,1.0,5.0,24.0
1,15,31.43773838045041,1.0,5.0,25.0
1,16,30.88712987950891,1.0,5.0,24.0
1,17,31.710245242441218,1.0,5.0,26.0
1,18,29.917951961896964,1.0,5.0,22.0
1,19,22.36304675428724,1.0,4.0,18.0
1,20,15.66728280961183,1.0,3.0,32.0
1,21,12.212845513063234,1.0,2.0,29.0
1,22,4.244961934617107,0.0,1.0,8.0
1,23,2.037526997840173,0.0,1.0,4.0
2,0,0.495260663507109,0.0,0.0,1.0
2,1,8.0,8.0,8.0,8.0
2,3,0.38342696629213485,0.0,0.0,1.0
2,4,0.422554347826087,0.0,0.0,1.0
2,5,1.2930875576036867,0.0,0.0,2.0
2,6,4.080872011251758,0.0,1.0,12.0
2,7,7.220552593310712,0.0,2.0,15.0
2,8,11.580934952586924,0.0,2.0,16.0
2,9,30.804358908998214,1.0,5.0,82.0
2,10,46.50206207944432,1.0,5.0,173.0
2,11,56.4503328479301,1.0,5.0,218.29999999999927
2,12,59.34764057499873,1.0,6.0,230.40000000000146
2,13,57.830081300813006,1.0,6.0,220.0
2,14,57.874389026120774,1.0,6.0,222.0
2,15,63.1320138961996,1.0,6.0,253.0
2,16,67.685968938464,2.0,7.0,278.0
2,17,63.99762733312243,1.0,6.0,263.0
2,18,60.96451338716532,1.0,6.0,252.0
2,19,48.925324315334294,1.0,5.0,197.3000000000011
2,20,30.031343627563956,1.0,3.0,116.0
2,21,12.932871603622802,0.0,2.0,40.0
2,22,3.6457892509521796,0.0,1.0,9.800000000000182
2,23,0.9827688651218063,0.0,1.0,2.0
3,0,1.4651162790697674,1.0,1.0,2.0
3,3,1.3576642335766422,1.0,1.0,2.0
3,4,1.4431137724550898,1.0,1.0,2.0
3,5,1.3835616438356164,1.0,1.0,2.0
3,6,6.120349104271934,0.0,2.0,18.0
3,7,7.458515283842795,1.0,2.0,26.0
3,8,13.41337630942788,1.0,3.0,39.0
3,9,20.961186912173797,1.0,3.0,66.0
3,10,25.7562734082397,1.0,3.0,98.0
3,11,30.349857853589196,1.0,3.0,120.0
3,12,34.04897648452039,1.0,4.0,116.0
3,13,40.54251477347341,1.0,4.0,125.0
3,14,36.34696321642429,1.0,4.0,125.0
3,15,33.72868688624315,1.0,3.0,119.0
3,16,34.04774001401542,1.0,4.0,123.0
3,17,35.748303934871096,1.0,4.0,112.89999999999964
3,18,35.30606703436572,1.0,4.0,118.0
3,19,27.953617443012885,1.0,3.0,96.0
3,20,15.028540656973613,1.0,3.0,46.0
3,21,10.301170351105332,0.0,3.0,33.0
3,22,4.281763826606876,0.0,1.0,11.0
3,23,1.2937293729372936,1.0,1.0,2.0
4,0,1.4357894736842105,0.0,1.0,2.0
4,1,0.5952813067150635,0.0,0.0,1.0
4,2,0.3680555555555556,0.0,0.0,1.0
4,3,0.4386503067484663,0.0,0.0,1.0
4,4,0.43788819875776397,0.0,0.0,1.0
4,5,1.3204172876304023,0.0,1.0,2.0
4,6,6.276584734799482,0.0,2.0,17.0
4,7,9.649003322259135,0.0,2.0,25.0
4,8,13.692826566351018,0.0,2.0,38.0
4,9,14.487094183778822,0.0,2.0,37.0
4,10,36.58412017167382,1.0,4.0,73.0
4,11,47.732991722506895,1.0,5.0,100.0
4,12,54.24266158622636,1.0,6.0,219.0
4,13,56.065310050873094,1.0,6.0,239.0
4,14,54.98320131111718,1.0,6.0,224.0
4,15,55.69611331599836,1.0,6.0,229.0
4,16,57.162471709759274,1.0,6.0,241.0
4,17,55.8435536738596,1.0,6.0,234.0
4,18,55.111766723842194,1.0,6.0,241.0
4,19,43.476057946192824,1.0,4.0,184.0
4,20,28.750496149876955,0.0,3.0,110.0
4,21,16.805688232739904,0.0,2.0,59.0
4,22,6.186239116585262,0.0,1.0,14.0
4,23,1.1705539358600583,0.0,1.0,2.0
5,0,5.333333333333333,1.5,6.5,8.0
5,3,2.5555555555555554,0.0,1.0,4.0
5,4,2.448936170212766,0.0,1.0,4.0
5,5,13.896805896805898,1.0,1.0,5.0
5,6,10.625429553264604,0.0,2.0,13.0
5,7,22.344758064516128,0.0,4.0,15.0
5,8,34.24580103359173,1.0,6.0,30.0
5,9,48.865458485176795,1.0,5.0,117.0
5,10,69.8189404934688,1.0,5.0,145.0
5,11,73.69169329073482,1.0,6.0,155.0
5,12,79.24037378968701,1.0,6.0,163.70000000000073
5,13,82.24048815506102,1.0,6.0,163.0
5,14,81.79009835705259,1.0,6.0,170.20000000000073
5,15,84.26061610867472,1.0,6.0,174.0
5,16,82.60276149252095,1.0,7.0,193.0
5,17,73.59996725069593,1.0,6.0,178.0
5,18,63.75483764264844,1.0,6.0,153.0
5,19,39.72459280361677,1.0,4.0,97.0
5,20,29.69311412913986,0.0,3.0,50.0
5,21,16.443264764432648,0.0,2.0,38.0
5,22,7.09795918367347,0.0,1.0,19.0
5,23,1.8374183006535947,0.0,1.0,4.0
6,0,1.2580645161290323,1.0,1.0,2.0
6,1,1.0,1.0,1.0,1.0
6,3,3.0,1.6,4.0,4.0
6,4,1.0,0.0,1.0,2.0
6,5,1.6864864864864866,1.0,1.0,3.0
6,6,3.7267206477732793,1.0,2.0,8.0
6,7,10.01039260969977,1.0,5.0,30.0
6,8,16.500182681768358,1.0,4.0,53.0
6,9,29.78924669350201,1.0,4.0,114.30000000000018
6,10,50.86536502546689,1.0,4.0,215.0
6,11,55.472869507323566,1.0,4.0,224.0
6,12,58.44882921237924,1.0,4.0,237.0
6,13,58.79785725539625,1.0,5.0,245.0
6,14,60.49403151360815,1.0,4.0,254.0
6,15,64.95497039576192,1.0,5.0,280.0
6,16,70.10240963855422,1.0,5.0,305.0
6,17,67.01093796823494,1.0,5.0,297.6999999999998
6,18,64.02402041735475,1.0,5.0,286.0
6,19,50.83933386201427,1.0,4.0,220.0
6,20,26.938692748091604,0.0,3.0,94.0
6,21,15.575871819038642,0.0,4.0,51.0
6,22,6.779513888888889,0.0,2.0,21.0
6,23,2.0861423220973783,0.0,1.0,2.0
7,0,0.705832628909552,0.0,0.0,2.0
7,3,0.7857142857142857,0.0,1.0,1.8999999999999986
7,4,0.7391304347826086,0.0,1.0,2.0
7,5,1.449685534591195,0.0,1.0,4.0
7,6,4.362422793385137,0.0,1.0,13.0
7,7,6.831303208906352,0.0,1.0,14.0
7,8,9.683253588516747,0.0,2.0,22.0
7,9,15.254862972248638,0.0,2.0,37.0
7,10,34.53929391190294,1.0,4.0,89.29999999999927
7,11,38.13608226326291,1.0,4.0,117.0
7,12,38.6371880949995,1.0,4.0,121.0
7,13,37.81297536896187,1.0,4.0,116.0
7,14,40.09390681003584,1.0,4.0,130.10000000000218
7,15,44.540826269122086,1.0,5.0,137.0
7,16,45.3887221984093,1.0,5.0,143.0
7,17,43.51418084751418,1.0,5.0,141.20000000000073
7,18,41.48890503875969,1.0,5.0,147.0
7,19,34.97956803893734,1.0,4.0,130.0
7,20,24.82314249278475,0.0,3.0,94.0
7,21,12.0405429226159,0.0,2.0,44.0
7,22,3.3814584096738733,0.0,1.0,10.0
7,23,1.1184306127391621,0.0,1.0,3.0
8,0,1.9268292682926829,1.0,1.0,3.0
8,1,2.0943396226415096,1.0,1.0,3.0
8,2,2.0397350993377485,1.0,1.0,3.0
8,3,1.5614035087719298,1.0,1.0,2.0
8,4,1.233009708737864,0.20000000000000107,1.0,1.7999999999999972
8,5,2.6025641025641026,1.0,1.0,4.0
8,6,6.248502994011976,1.0,2.0,13.0
8,7,14.838543897216274,1.0,3.0,23.0
8,8,18.808818463658284,1.0,3.0,30.0
8,9,34.16536614645858,1.0,6.0,60.0
8,10,49.08378340950007,1.0,4.0,169.0
8,11,57.39132197891322,1.0,5.0,176.0
8,12,60.565590380978115,1.0,5.0,179.0
8,13,60.734765136043215,1.0,5.0,181.0
8,14,62.32078223400729,1.0,5.0,181.0
8,15,66.43734931908516,1.0,5.0,187.0
8,16,69.18368008296066,1.0,6.0,188.0
8,17,68.19643205937886,1.0,5.0,188.0
8,18,66.64402794572081,1.0,5.0,178.5
8,19,55.09517550641719,1.0,4.0,138.0
8,20,32.096627682525266,1.0,3.0,89.0
8,21,15.31535756154748,0.0,2.0,47.0
8,22,5.3553907586993725,0.0,2.0,14.0
8,23,1.9022931206380858,0.0,1.0,4.0
